quarter,n_claims,avg_severity,total_paid
1978Q1,14116,3801.3344070558232,53659636.49
1978Q2,12695,4295.555914927137,54532082.34
1978Q3,5706,4058.9577252015424,23160412.78
1978Q4,3380,4842.343571005917,16367121.27
1979Q1,22789,3056.2487112203253,69648851.88
1979Q2,24743,4465.672959624944,110494146.04
1979Q3,37631,7879.108087481066,296498716.44
1979Q4,2212,3001.5844936708863,6639504.90
1980Q1,8229,3395.929798274395,27945106.31
1980Q2,27865,4956.914572761529,138124424.57
1980Q3,11435,4087.517972015741,46740768.01
1980Q4,5698,3089.504327834328,17603995.66
1981Q1,3000,2622.14512,7866435.36
1981Q2,14242,4885.218526190142,69575282.25
1981Q3,9691,3314.875185223403,32124455.42
1981Q4,4241,4138.613152558359,17551858.38
1982Q1,9007,4075.2570833795935,36705840.55
1982Q2,17611,4111.874281982852,72414217.98
1982Q3,4690,4679.484663113007,21946783.07
1982Q4,11798,5698.336893541278,67228978.67
1983Q1,10458,4114.268067508128,43027015.45
1983Q2,34720,6059.460138248848,210384456.00
1983Q3,20425,8024.899464871481,163908571.57
1983Q4,4843,4570.492223828206,22134893.84
1984Q1,11814,3304.34364736753,39037515.85
1984Q2,18624,8857.199134987113,164956476.69
1984Q3,3985,4133.479761606022,16471916.85
1984Q4,4807,7109.832485957978,34176964.76
1985Q1,7368,3829.3315160152006,28214514.61
1985Q2,2650,3369.6800264150943,8929652.07
1985Q3,23354,5776.824867688619,134911967.96
1985Q4,18933,10361.942617123541,196182659.57
1986Q1,5105,8794.285778648384,44894828.90
1986Q2,4055,4742.932508014796,19232591.32
1986Q3,3547,5758.903326755005,20426830.10
1986Q4,6076,6884.464280776827,41830004.97
1987Q1,6346,3878.021391427671,24609923.75
1987Q2,5697,5873.659822713709,33462240.01
1987Q3,4178,7299.887254667305,30498928.95
1987Q4,2503,6741.210954854175,16873251.02
1988Q1,1301,6021.626425826288,7834135.98
1988Q2,4707,4398.465729764182,20703578.19
1988Q3,3980,3977.1115201005023,15828903.85
1988Q4,1737,3831.8396430627517,6655905.46
1989Q1,2459,7153.9454575030495,17591551.88
1989Q2,13861,10418.776670514393,144414663.43
1989Q3,25223,17449.710713237917,440134053.32
1989Q4,7081,8405.194468295438,59517182.03
1990Q1,4328,10510.967444547136,45491467.10
1990Q2,8253,8854.650993578094,73077434.65
1990Q3,1719,4805.330779522978,8260363.61
1990Q4,4966,8269.744399919451,41067550.69
1991Q1,3446,5492.898694138131,18928528.90
1991Q2,11681,8317.02828439346,97151207.39
1991Q3,5411,11109.970722602107,60116051.58
1991Q4,16061,11051.480762094516,177497832.52
1992Q1,9627,10459.536178456425,100693954.79
1992Q2,4105,7300.854236297198,29970006.64
1992Q3,15193,14427.418963996577,219195776.32
1992Q4,32626,11045.344710353706,360365416.52
1993Q1,20378,13355.92925802336,272167126.42
1993Q2,7536,8270.389936305733,62325658.56
1993Q3,15927,19442.205445469957,309656006.13
1993Q4,2138,7015.227530402245,14998556.46
1994Q1,6446,7014.088475023271,45212814.31
1994Q2,4781,9874.14115038695,47208268.84
1994Q3,4056,15662.502946252465,63527111.95
1994Q4,13349,19113.646539815716,255148067.66
1995Q1,9399,13429.86070858602,126227260.80
1995Q2,46495,14563.530625443595,677131356.43
1995Q3,5375,8552.726444651164,45970904.64
1995Q4,18313,24423.726448424615,447271702.45
1996Q1,20756,13064.992032183465,271176974.62
1996Q2,6944,9032.191527937788,62719537.97
1996Q3,23671,13135.98418106544,310941881.55
1996Q4,16764,10933.457107492244,183288474.95
1997Q1,14586,15588.521297819827,227374171.65
1997Q2,16109,14338.196366627351,230974005.27
1997Q3,4642,9091.435062473072,42202441.56
1997Q4,2823,6725.738335104499,18986759.32
1998Q1,23194,8341.734305854963,193478185.49
1998Q2,6300,8962.066623809524,56461019.73
1998Q3,46497,9108.98844807192,423540635.87
1998Q4,7628,28062.909320922918,214063872.30
1999Q1,3575,8396.299362237762,30016770.22
1999Q2,5580,10480.98871326165,58483917.02
1999Q3,35502,14851.352842093404,527252728.60
1999Q4,23514,5922.724807348814,139266951.12
2000Q1,2394,6765.666675020885,16197006.02
2000Q2,3545,10432.50480112835,36983229.52
2000Q3,3646,8090.514188151399,29498014.73
2000Q4,13662,12373.172690674866,169042285.30
2001Q1,3553,6787.71503799606,24116751.53
2001Q2,40380,28517.275868003962,1151527599.55
2001Q3,7625,9688.351453114754,73873679.83
2001Q4,2934,9351.900371506475,27438475.69
2002Q1,1762,8646.101089670829,15234430.12
2002Q2,4581,7988.0045885177915,36593049.02
2002Q3,17224,12964.764605782628,223305105.57
2002Q4,10945,14483.163325719506,158518222.60
2003Q1,3448,7485.748810904872,25810861.90
2003Q2,7690,12600.269089726919,96896069.30
2003Q3,31025,18659.369657373085,578906943.62
2003Q4,5683,13934.848953017772,79191746.60
2004Q1,1669,7833.478681845417,13074075.92
2004Q2,7093,12519.5750415903,88801345.77
2004Q3,64131,32405.740253075735,2078212528.17
2004Q4,3141,16666.02288124801,52347977.87
2005Q1,4931,10994.03596025147,54211591.32
2005Q2,7434,19227.41288001076,142936587.35
2005Q3,235890,72080.6266468269,17003099019.72
2005Q4,28772,19831.78247393299,570600045.34
2006Q1,1830,17509.714672131147,32042777.85
2006Q2,14074,27189.355090947847,382662983.55
2006Q3,7068,14340.904258630446,101361511.30
2006Q4,6679,18679.1297814044,124757907.81
2007Q1,1999,10475.069139569785,20939663.21
2007Q2,16167,21309.17216985217,344505386.47
2007Q3,7270,21957.268579092157,159629342.57
2007Q4,2924,30458.74248632011,89061363.03
2008Q1,5509,17958.985541840622,98936051.35
2008Q2,13210,30199.80228009084,398939388.12
2008Q3,76242,38940.090868681305,2968870408.01
2008Q4,2007,12228.180114598903,24541957.49
2009Q1,6184,19315.60310155239,119447689.58
2009Q2,12003,22364.317992168624,268438908.86
2009Q3,5921,29308.956625570005,173538332.18
2009Q4,13626,16051.86204682225,218722672.25
2010Q1,15734,14334.022908986906,225531516.45
2010Q2,10347,33488.22243838794,346502637.57
2010Q3,8362,18405.708347285337,153908533.20
2010Q4,3375,14185.244714074073,47875200.91
2011Q1,6886,15443.59025994772,106344562.53
2011Q2,14575,25279.696461063468,368451575.92
2011Q3,72505,26533.4191105441,1923805552.61
2011Q4,2500,13241.791648,33104479.12
2012Q1,3176,17450.626549118388,55423189.92
2012Q2,5203,16322.039928887181,84923573.75
2012Q3,20369,30115.887134370856,613430505.04
2012Q4,147056,61117.66591155751,8987719478.29
2013Q1,2854,15401.268640504555,43955220.70
2013Q2,11445,19588.5044290083,224190433.19
2013Q3,7371,21565.819647266315,158961656.62
2013Q4,2392,27750.682173913043,66379631.76
2014Q1,1721,10965.350976176642,18871369.03
2014Q2,9888,26762.66324737055,264629214.19
2014Q3,5921,14363.108064516127,85043962.85
2014Q4,1242,10668.830869565218,13250687.94
2015Q1,2251,14342.795193247446,32285631.98
2015Q2,14720,40241.52058695652,592355183.04
2015Q3,3920,16423.45374234694,64379938.67
2015Q4,13690,26036.76891818846,356443366.49
2016Q1,9901,34220.88433087567,338820975.76
2016Q2,16014,47160.1985019358,755223418.81
2016Q3,36688,73694.88117368077,2703717800.50
2016Q4,22894,29321.091745435482,671277074.42
2017Q1,3211,16623.539187169106,53378184.33
2017Q2,6365,29074.975525530244,185062219.22
2017Q3,134070,77468.09618162154,10386147655.07
2017Q4,2035,16460.851886977885,33497833.59
2018Q1,6594,27861.429070366998,183718263.29
2018Q2,4439,31765.754036945254,141008182.17
2018Q3,22878,38760.165364105254,886755063.20
2018Q4,8713,39523.566870193965,344368838.14
2019Q1,5717,31351.588530697918,179237031.63
2019Q2,10379,35916.61654012911,372778563.07
2019Q3,17163,53651.49915224611,920820679.95
2019Q4,2053,22077.4504724793,45325005.82
2020Q1,2561,20192.99612651308,51714263.08
2020Q2,5234,32020.202653802062,167593740.69
2020Q3,16657,29262.419324608272,487424118.69
2020Q4,8732,26046.350207283554,227436730.01
2021Q1,3401,23641.02112319906,80403112.84
2021Q2,6817,46665.79684465307,318120737.09
2021Q3,33809,43744.85547457777,1478969818.74
2021Q4,2670,30022.02688764045,80158811.79
2022Q1,1302,18115.589247311826,23586497.20
2022Q2,1814,24308.65355567806,44095897.55
2022Q3,51776,97051.24601417646,5024925313.63
2022Q4,5317,32340.612253150273,171955035.35
2023Q1,2597,29707.039591836732,77149181.82
2023Q2,5347,53297.04279409014,284979287.82
2023Q3,10600,50369.87328113207,533920656.78
2023Q4,3140,26766.831175159237,84047849.89
2024Q1,4562,30446.07043621219,138894973.33
2024Q2,5828,45664.10713280714,266130416.37
2024Q3,68721,103630.80388105528,7121612473.51
2024Q4,22905,54425.62794717311,1246619008.13
2025Q1,3945,51006.1914904943,201219425.43
2025Q2,4063,46012.03619985233,186946903.08
2025Q3,3221,46477.43014902204,149703802.51
2025Q4,1885,43168.90090185677,81373378.20
2026Q1,1083,26984.225724838412,29223916.46
2026Q2,995,9762.02087437186,9713210.77
