quarter,n_claims,avg_severity,total_paid,year,quarter_dt,deflator,avg_severity_real,total_paid_real
1978Q1,14116,3801.3344070558232,53659636.49,1978,1978-01-01,4.9371165644171775,18767.631067964256,264923880.15538344
1978Q2,12695,4295.555914927137,54532082.34,1978,1978-04-01,4.9371165644171775,21207.66026096695,269231247.01297545
1978Q3,5706,4058.9577252015424,23160412.78,1978,1978-07-01,4.9371165644171775,20039.547419361603,114345657.57487729
1978Q4,3380,4842.343571005917,16367121.27,1978,1978-10-01,4.9371165644171775,23907.214655012336,80806385.53394172
1979Q1,22789,3056.2487112203253,69648851.88,1979,1979-01-01,4.433884297520661,13551.053169997558,308814950.6910744
1979Q2,24743,4465.672959624944,110494146.04,1979,1979-04-01,4.433884297520661,19800.277213543657,489918259.0947108
1979Q3,37631,7879.108087481066,296498716.44,1979,1979-07-01,4.433884297520661,34935.05362755035,1314641003.0583472
1979Q4,2212,3001.5844936708863,6639504.9,1979,1979-10-01,4.433884297520661,13308.678354168847,29438796.51942149
1980Q1,8229,3395.929798274395,27945106.31,1980,1980-01-01,3.906553398058252,13266.381093016113,109169050.01442958
1980Q2,27865,4956.914572761529,138124424.57,1980,1980-04-01,3.906553398058252,19364.451468106017,539590440.1587741
1980Q3,11435,4087.517972015741,46740768.01,1980,1980-07-01,3.906553398058252,15968.107223202269,182595306.09731793
1980Q4,5698,3089.504327834328,17603995.66,1980,1980-10-01,3.906553398058252,12069.313630216868,68770949.06497572
1981Q1,3000,2622.14512,7866435.36,1981,1981-01-01,3.5412541254125407,9285.682223630361,27857046.670891088
1981Q2,14242,4885.218526190142,69575282.25,1981,1981-04-01,3.5412541254125407,17299.800259412612,246383755.2945544
1981Q3,9691,3314.875185223403,32124455.42,1981,1981-07-01,3.5412541254125407,11738.815424900036,113760860.28270626
1981Q4,4241,4138.613152558359,17551858.38,1981,1981-10-01,3.5412541254125407,14655.88089998389,62155590.89683167
1982Q1,9007,4075.2570833795935,36705840.55,1982,1982-01-01,3.335751295336787,13594.044094713896,122441555.16108806
1982Q2,17611,4111.874281982852,72414217.98,1982,1982-04-01,3.335751295336787,13716.189962386321,241555821.42758548
1982Q3,4690,4679.484663113007,21946783.07,1982,1982-07-01,3.335751295336787,15609.597026487842,73209010.05422798
1982Q4,11798,5698.336893541278,67228978.67,1982,1982-10-01,3.335751295336787,19008.234673895724,224259152.68262175
1983Q1,10458,4114.268067508128,43027015.45,1983,1983-01-01,3.2319277108433733,13297.016977217534,139060203.54774097
1983Q2,34720,6059.460138248848,210384456.0,1983,1983-04-01,3.2319277108433733,19583.73713355727,679947353.2771084
1983Q3,20425,8024.899464871481,163908571.57,1983,1983-07-01,3.2319277108433733,25935.894957250297,529740654.5018373
1983Q4,4843,4570.492223828206,22134893.84,1983,1983-10-01,3.2319277108433733,14771.500470384532,71538376.77807228
1984Q1,11814,3304.34364736753,39037515.85,1984,1984-01-01,3.098171318575553,10237.422714991413,120944911.95490855
1984Q2,18624,8857.199134987113,164956476.69,1984,1984-04-01,3.098171318575553,27441.12032292927,511063424.8942347
1984Q3,3985,4133.479761606022,16471916.85,1984,1984-07-01,3.098171318575553,12806.228443320291,51032820.34663136
1984Q4,4807,7109.832485957978,34176964.76,1984,1984-10-01,3.098171318575553,22027.47908787173,105886091.97539939
1985Q1,7368,3829.3315160152006,28214514.61,1985,1985-01-01,2.991635687732342,11455.964823469265,84407548.81932156
1985Q2,2650,3369.6800264150943,8929652.07,1985,1985-04-01,2.991635687732342,10080.855023262257,26714265.81164498
1985Q3,23354,5776.824867688619,134911967.96,1985,1985-07-01,2.991635687732342,17282.155435956935,403607458.05133826
1985Q4,18933,10361.94261712354,196182659.57,1985,1985-10-01,2.991635687732342,30999.15732762144,586907045.6838568
1986Q1,5105,8794.285778648384,44894828.9,1986,1986-01-01,2.937043795620438,25829.20248309229,131858078.67618613
1986Q2,4055,4742.932508014796,19232591.32,1986,1986-04-01,2.937043795620438,13930.200495711342,56486963.01010949
1986Q3,3547,5758.903326755005,20426830.1,1986,1986-07-01,2.937043795620438,16914.151285423686,59994494.60939781
1986Q4,6076,6884.464280776827,41830004.97,1986,1986-10-01,2.937043795620438,20219.973102026102,122856556.56791058
1987Q1,6346,3878.021391427671,24609923.75,1987,1987-01-01,2.83362676056338,10988.865192786683,69735338.51342429
1987Q2,5697,5873.659822713709,33462240.01,1987,1987-04-01,2.83362676056338,16643.759656087524,94819498.76073062
1987Q3,4178,7299.887254667305,30498928.95,1987,1987-07-01,2.83362676056338,20685.15587392082,86422581.24124119
1987Q4,2503,6741.210954854175,16873251.02,1987,1987-10-01,2.83362676056338,19102.075760277807,47812495.627975345
1988Q1,1301,6021.626425826288,7834135.98,1988,1988-01-01,2.721048182586644,16385.13564221033,21317061.47051564
1988Q2,4707,4398.465729764182,20703578.19,1988,1988-04-01,2.721048182586644,11968.437180144463,56335433.80693999
1988Q3,3980,3977.1115201005023,15828903.85,1988,1988-07-01,2.721048182586644,10821.912073713878,43071210.053381234
1988Q4,1737,3831.839643062752,6655905.46,1988,1988-10-01,2.721048182586644,10426.620296719357,18111039.45540152
1989Q1,2459,7153.9454575030495,17591551.88,1989,1989-01-01,2.5959677419354836,18571.411635243803,45667101.21106451
1989Q2,13861,10418.776670514391,144414663.43,1989,1989-04-01,2.5959677419354836,27046.80814708534,374895807.72674996
1989Q3,25223,17449.710713237917,440134053.32,1989,1989-07-01,2.5959677419354836,45298.88611767165,1142573804.5460322
1989Q4,7081,8405.194468295438,59517182.03,1989,1989-10-01,2.5959677419354836,21819.613704389525,154504684.64078224
1990Q1,4328,10510.967444547136,45491467.1,1990,1990-01-01,2.462892119357307,25887.37888599635,112040575.8185922
1990Q2,8253,8854.650993578094,73077434.65,1990,1990-04-01,2.462892119357307,21808.050151742835,179981837.9023336
1990Q3,1719,4805.330779522978,8260363.61,1990,1990-07-01,2.462892119357307,11835.011307792247,20344384.438094873
1990Q4,4966,8269.744399919451,41067550.69,1990,1990-10-01,2.462892119357307,20367.488311660836,101144946.95570771
1991Q1,3446,5492.898694138131,18928528.9,1991,1991-01-01,2.3634361233480177,12982.115195617213,44736368.96409691
1991Q2,11681,8317.02828439346,97151207.39,1991,1991-04-01,2.3634361233480177,19656.765086242693,229610672.97240087
1991Q3,5411,11109.970722602107,60116051.58,1991,1991-07-01,2.3634361233480177,26257.706135136697,142080447.89722466
1991Q4,16061,11051.480762094516,177497832.52,1991,1991-10-01,2.3634361233480177,26119.468849619858,419504789.19374454
1992Q1,9627,10459.536178456425,100693954.79,1992,1992-01-01,2.2943692088382037,23998.037746579637,231029109.38632217
1992Q2,4105,7300.854236297198,29970006.64,1992,1992-04-01,2.2943692088382037,16750.85515797625,68762260.42349252
1992Q3,15193,14427.418963996575,219195776.32,1992,1992-07-01,2.2943692088382037,33101.82583400212,502916039.89599425
1992Q4,32626,11045.344710353706,360365416.52,1992,1992-10-01,2.2943692088382037,25342.09880443947,826811315.5936421
1993Q1,20378,13355.92925802336,272167126.42,1993,1993-01-01,2.2276816608996537,29752.758672371758,606301716.2255917
1993Q2,7536,8270.389936305733,62325658.56,1993,1993-04-01,2.2276816608996537,18423.795989597336,138841726.57760552
1993Q3,15927,19442.20544546996,309656006.13,1993,1993-07-01,2.2276816608996537,43311.04451831681,689815006.0432317
1993Q4,2138,7015.227530402245,14998556.46,1993,1993-10-01,2.2276816608996537,15627.693716515449,33412009.16591003
1994Q1,6446,7014.088475023271,45212814.31,1994,1994-01-01,2.172064777327935,15235.054521659857,98205161.44661944
1994Q2,4781,9874.14115038695,47208268.84,1994,1994-04-01,2.172064777327935,21447.27419911983,102539417.9459919
1994Q3,4056,15662.502946252464,63527111.95,1994,1994-07-01,2.172064777327935,34019.970974349984,137985002.27196357
1994Q4,13349,19113.64653981572,255148067.66,1994,1994-10-01,2.172064777327935,41516.07841542969,554198130.7675709
1995Q1,9399,13429.86070858602,126227260.8,1995,1995-01-01,2.1122047244094486,28366.615236836216,266617816.6110236
1995Q2,46495,14563.530625443596,677131356.43,1995,1995-04-01,2.1122047244094486,30761.158191143655,1430240050.0972242
1995Q3,5375,8552.726444651164,45970904.64,1995,1995-07-01,2.1122047244094486,18065.109202973814,97099961.96598424
1995Q4,18313,24423.72644842461,447271702.45,1995,1995-10-01,2.1122047244094486,51587.91039204647,944729403.0095471
1996Q1,20756,13064.992032183463,271176974.62,1996,1996-01-01,2.051625239005736,26804.467400636437,556353525.36761
1996Q2,6944,9032.191527937788,62719537.97,1996,1996-04-01,2.051625239005736,18530.67210225095,128676987.07803059
1996Q3,23671,13135.98418106544,310941881.55,1996,1996-07-01,2.051625239005736,26950.116685053952,637936212.0519121
1996Q4,16764,10933.457107492244,183288474.95,1996,1996-10-01,2.051625239005736,22431.35655131774,376039261.2262906
1997Q1,14586,15588.521297819829,227374171.65,1997,1997-01-01,2.005607476635514,31264.454864599396,456023338.65504676
1997Q2,16109,14338.196366627351,230974005.27,1997,1997-04-01,2.005607476635514,28756.793834375978,463243191.87796265
1997Q3,4642,9091.435062473072,42202441.56,1997,1997-07-01,2.005607476635514,18233.850134642256,84641532.32500935
1997Q4,2823,6725.738335104499,18986759.32,1997,1997-10-01,2.005607476635514,13489.191090779677,38079986.44927103
1998Q1,23194,8341.734305854963,193478185.49,1998,1998-01-01,1.974846625766871,16473.645846961426,382089741.7744233
1998Q2,6300,8962.066623809524,56461019.73,1998,1998-04-01,1.974846625766871,17698.707031928134,111501854.30114722
1998Q3,46497,9108.98844807192,423540635.87,1998,1998-07-01,1.974846625766871,17988.855100824236,836427795.6230245
1998Q4,7628,28062.90932092292,214063872.3,1998,1998-10-01,1.974846625766871,55419.94178162631,422743315.9102454
1999Q1,3575,8396.299362237762,30016770.22,1999,1999-01-01,1.932172869147659,16223.101828957595,57997589.038523406
1999Q2,5580,10480.98871326165,58483917.02,1999,1999-04-01,1.932172869147659,20251.082033606992,113001037.74752702
1999Q3,35502,14851.352842093404,527252728.6,1999,1999-07-01,1.932172869147659,28695.381031631852,1018743417.384994
1999Q4,23514,5922.724807348814,139266951.12,1999,1999-10-01,1.932172869147659,11443.728184187174,269087824.5229772
2000Q1,2394,6765.666675020885,16197006.02,2000,2000-01-01,1.8693379790940767,12647.317669507684,30277678.500801396
2000Q2,3545,10432.50480112835,36983229.52,2000,2000-04-01,1.8693379790940767,19501.877441830526,69134155.5312892
2000Q3,3646,8090.514188151399,29498014.73,2000,2000-07-01,1.8693379790940767,15123.905442310892,55141759.24266551
2000Q4,13662,12373.172690674866,169042285.3,2000,2000-10-01,1.8693379790940767,23129.641632568175,315997163.98414636
2001Q1,3553,6787.71503799606,24116751.53,2001,2001-01-01,1.8176171654432522,12337.467367198937,43835021.55565782
2001Q2,40380,28517.27586800396,1151527599.55,2001,2001-04-01,1.8176171654432522,51833.49012936462,2093036331.4237435
2001Q3,7625,9688.351453114754,73873679.83,2001,2001-07-01,1.8176171654432522,17609.713906028453,134274068.53346696
2001Q4,2934,9351.900371506475,27438475.69,2001,2001-10-01,1.8176171654432522,16998.1746447653,49872644.40774139
2002Q1,1762,8646.101089670829,15234430.12,2002,2002-01-01,1.7893274041133962,15470.70561848271,27259383.299766533
2002Q2,4581,7988.004588517791,36593049.02,2002,2002-04-01,1.7893274041133962,14293.155514418435,65476945.411550865
2002Q3,17224,12964.764605782628,223305105.57,2002,2002-07-01,1.7893274041133962,23198.20859700627,399565944.87483597
2002Q4,10945,14483.163325719506,158518222.6,2002,2002-10-01,1.7893274041133962,25915.121036960027,283640999.74952745
2003Q1,3448,7485.748810904872,25810861.9,2003,2003-01-01,1.7494565217391302,13095.992077338467,45154980.68266304
2003Q2,7690,12600.26908972692,96896069.3,2003,2003-04-01,1.7494565217391302,22043.622934690735,169515460.36777171
2003Q3,31025,18659.369657373085,578906943.62,2003,2003-07-01,1.7494565217391302,32643.755938632585,1012772527.996076
2003Q4,5683,13934.848953017772,79191746.6,2003,2003-10-01,1.7494565217391302,24378.412380306632,138542517.5572826
2004Q1,1669,7833.478681845417,13074075.92,2004,2004-01-01,1.7040762308099522,13348.84482628925,22279222.015076756
2004Q2,7093,12519.5750415903,88801345.77,2004,2004-04-01,1.7040762308099522,21334.31024821555,151324262.5905929
2004Q3,64131,32405.74025307573,2078212528.17,2004,2004-07-01,1.7040762308099522,55221.85170706764,3541432571.8259554
2004Q4,3141,16666.02288124801,52347977.87,2004,2004-10-01,1.7040762308099522,28400.173454069525,89204944.81923239
2005Q1,4931,10994.03596025147,54211591.32,2005,2005-01-01,1.648233486943164,18120.73822634382,89353360.19410136
2005Q2,7434,19227.41288001076,142936587.35,2005,2005-04-01,1.648233486943164,31691.26577611604,235592869.77964664
2005Q3,235890,72080.6266468269,17003099019.72,2005,2005-07-01,1.648233486943164,118805.70259914786,28025077186.112988
2005Q4,28772,19831.78247393299,570600045.34,2005,2005-10-01,1.648233486943164,32687.407979308904,940482102.3806758
2006Q1,1830,17509.714672131147,32042777.85,2006,2006-01-01,1.5967261904761905,27958.220004757026,51163542.60870536
2006Q2,14074,27189.355090947847,382662983.55,2006,2006-04-01,1.5967261904761905,43413.95537587357,611008007.9600446
2006Q3,7068,14340.904258630446,101361511.3,2006,2006-07-01,1.5967261904761905,22898.497424866768,161846579.79895833
2006Q4,6679,18679.1297814044,124757907.81,2006,2006-10-01,1.5967261904761905,29825.455737272205,199204218.8692411
2007Q1,1999,10475.069139569783,20939663.21,2007,2007-01-01,1.5528219971056438,16265.917781126449,32515569.64447178
2007Q2,16167,21309.17216985217,344505386.47,2007,2007-04-01,1.5528219971056438,33089.35128545785,534955542.2319971
2007Q3,7270,21957.26857909216,159629342.57,2007,2007-07-01,1.5528219971056438,34095.72964597089,247875954.52620837
2007Q4,2924,30458.74248632011,89061363.03,2007,2007-10-01,1.5528219971056438,47297.00533693411,138296443.60519534
2008Q1,5509,17958.985541840622,98936051.35,2008,2008-01-01,1.495123084068741,26850.893850062683,147921574.21999532
2008Q2,13210,30199.80228009084,398939388.12,2008,2008-04-01,1.495123084068741,45152.42152327562,596463488.3224709
2008Q3,76242,38940.090868681305,2968870408.01,2008,2008-07-01,1.495123084068741,58220.22875349982,4438826680.624333
2008Q4,2007,12228.180114598905,24541957.49,2008,2008-10-01,1.495123084068741,18282.634365487167,36693247.171532735
2009Q1,6184,19315.60310155239,119447689.58,2009,2009-01-01,1.5006993006993006,28986.912067084915,179255064.22285312
2009Q2,12003,22364.317992168624,268438908.86,2009,2009-04-01,1.5006993006993006,33562.11637146424,402846082.8066853
2009Q3,5921,29308.956625570005,173538332.18,2009,2009-07-01,1.5006993006993006,43983.93071221904,260428853.74704894
2009Q4,13626,16051.86204682225,218722672.25,2009,2009-10-01,1.5006993006993006,24089.018148587795,328236961.2926573
2010Q1,15734,14334.022908986906,225531516.45,2010,2010-01-01,1.4759284731774416,21155.992546551515,332868386.72744155
2010Q2,10347,33488.22243838794,346502637.57,2010,2010-04-01,1.4759284731774416,49426.221012916445,511413108.8206465
2010Q3,8362,18405.708347285337,153908533.2,2010,2010-07-01,1.4759284731774416,27165.50901875814,227157986.41485557
2010Q4,3375,14185.244714074071,47875200.91,2010,2010-10-01,1.4759284731774416,20936.406572491716,70660372.18215956
2011Q1,6886,15443.59025994772,106344562.53,2011,2011-01-01,1.4313028012449975,22104.454000343132,152211270.2463628
2011Q2,14575,25279.696461063468,368451575.92,2011,2011-04-01,1.4313028012449975,36182.900359343395,527365772.7374299
2011Q3,72505,26533.4191105441,1923805552.61,2011,2011-07-01,1.4313028012449975,37977.35709952932,2753548276.5013733
2011Q4,2500,13241.791648,33104479.12,2011,2011-10-01,1.4313028012449975,18953.01347928501,47382533.698212534
2012Q1,3176,17450.626549118388,55423189.92,2012,2012-01-01,1.4020034843205573,24465.839225440803,77703505.38
2012Q2,5203,16322.03992888718,84923573.75,2012,2012-04-01,1.4020034843205573,22883.556851519086,119063146.29845382
2012Q3,20369,30115.887134370856,613430505.04,2012,2012-07-01,1.4020034843205573,42222.57869579258,860031705.4545991
2012Q4,147056,61117.66591155751,8987719478.29,2012,2012-10-01,1.4020034843205573,85687.18056154338,12600814024.658323
2013Q1,2854,15401.268640504555,43955220.7,2013,2013-01-01,1.3815450643776823,21277.546675443846,60726118.21171674
2013Q2,11445,19588.5044290083,224190433.19,2013,2013-04-01,1.3815450643776823,27062.401612436784,309729186.454339
2013Q3,7371,21565.819647266315,158961656.62,2013,2013-07-01,1.3815450643776823,29794.151692940028,219612692.12866095
2013Q4,2392,27750.682173913043,66379631.76,2013,2013-10-01,1.3815450643776823,38338.817990483294,91706452.63323604
2014Q1,1721,10965.350976176642,18871369.03,2014,2014-01-01,1.3599493029150824,14912.321416270643,25664105.157401778
2014Q2,9888,26762.66324737055,264629214.19,2014,2014-04-01,1.3599493029150824,36395.86522741267,359882315.3686565
2014Q3,5921,14363.108064516127,85043962.85,2014,2014-07-01,1.3599493029150824,19533.098800032705,115655477.99499366
2014Q4,1242,10668.830869565218,13250687.94,2014,2014-10-01,1.3599493029150824,14509.069103984131,18020263.82714829
2015Q1,2251,14342.795193247446,32285631.98,2015,2015-01-01,1.3582278481012657,19480.78385108166,43851244.448784806
2015Q2,14720,40241.52058695652,592355183.04,2015,2015-04-01,1.3582278481012657,54657.153911144735,804553305.5720506
2015Q3,3920,16423.45374234694,64379938.67,2015,2015-07-01,1.3582278481012657,22306.792234858563,87442625.56064557
2015Q4,13690,26036.76891818846,356443366.49,2015,2015-10-01,1.3582278481012657,35363.86461926103,484131306.6376835
2016Q1,9901,34220.88433087567,338820975.76,2016,2016-01-01,1.3412499999999998,45898.76110878699,454443633.73809993
2016Q2,16014,47160.1985019358,755223418.81,2016,2016-04-01,1.3412499999999998,63253.616240721385,1012943410.4789124
2016Q3,36688,73694.88117368077,2703717800.5,2016,2016-07-01,1.3412499999999998,98843.25937419932,3626361499.9206247
2016Q4,22894,29321.09174543548,671277074.42,2016,2016-10-01,1.3412499999999998,39326.91430356533,900350376.0658249
2017Q1,3211,16623.539187169106,53378184.33,2017,2017-01-01,1.3133414932680538,21832.383779476684,70103784.31589963
2017Q2,6365,29074.975525530244,185062219.22,2017,2017-04-01,1.3133414932680538,38185.37177343201,243049891.33789474
2017Q3,134070,77468.09618162154,10386147655.07,2017,2017-07-01,1.3133414932680538,101742.06511980406,13640558670.61213
2017Q4,2035,16460.851886977885,33497833.59,2017,2017-10-01,1.3133414932680538,21618.7197977078,43994094.788335375
2018Q1,6594,27861.429070367,183718263.29,2018,2018-01-01,1.2819593787335721,35717.22030167717,235519350.66925922
2018Q2,4439,31765.75403694525,141008182.17,2018,2018-04-01,1.2819593787335721,40722.40631020579,180766761.61100355
2018Q3,22878,38760.16536410525,886755063.2,2018,2018-07-01,1.2819593787335721,49688.957509778884,1136783969.9087214
2018Q4,8713,39523.566870193965,344368838.14,2018,2018-10-01,1.2819593787335721,50667.60723024865,441466861.79715645
2019Q1,5717,31351.58853069792,179237031.63,2019,2019-01-01,1.2588971450919046,39468.42529539172,225640987.4137544
2019Q2,10379,35916.61654012911,372778563.07,2019,2019-04-01,1.2588971450919046,45215.32602372921,469289868.8002855
2019Q3,17163,53651.49915224611,920820679.95,2019,2019-07-01,1.2588971450919046,67541.71911266337,1159218525.1306415
2019Q4,2053,22077.4504724793,45325005.82,2019,2019-10-01,1.2588971450919046,27793.239370712112,57059520.42807196
2020Q1,2561,20192.99612651308,51714263.08,2020,2020-01-01,1.2438176197836166,25116.40437837929,64323111.61302936
2020Q2,5234,32020.202653802065,167593740.69,2020,2020-04-01,1.2438176197836166,39827.29224984113,208456047.63566846
2020Q3,16657,29262.419324608272,487424118.69,2020,2020-07-01,1.2438176197836166,36397.112753444366,606266707.1341228
2020Q4,8732,26046.350207283554,227436730.01,2020,2020-10-01,1.2438176197836166,32396.90931887394,282889812.1724072
2021Q1,3401,23641.02112319906,80403112.84,2021,2021-01-01,1.1878228782287823,28081.34575482575,95504656.91216236
2021Q2,6817,46665.79684465307,318120737.09,2021,2021-04-01,1.1878228782287823,55430.70112285544,377871089.5545055
2021Q3,33809,43744.85547457777,1478969818.74,2021,2021-07-01,1.1878228782287823,51961.140137515074,1756754186.9092472
2021Q4,2670,30022.02688764045,80158811.79,2021,2021-10-01,1.1878228782287823,35660.850387938975,95214470.53579706
2022Q1,1302,18115.589247311826,23586497.2,2022,2022-01-01,1.0997608472839084,19922.815779670913,25939506.145131532
2022Q2,1814,24308.65355567806,44095897.55,2022,2022-04-01,1.0997608472839084,26733.705430723494,48494941.651332416
2022Q3,51776,97051.24601417646,5024925313.63,2022,2022-07-01,1.0997608472839084,106733.16054650975,5526216120.456088
2022Q4,5317,32340.612253150277,171955035.35,2022,2022-10-01,1.0997608472839084,35566.9391332049,189109415.37125042
2023Q1,2597,29707.03959183673,77149181.82,2023,2023-01-01,1.0564489661962586,31383.971265547236,81504173.37662618
2023Q2,5347,53297.04279409014,284979287.82,2023,2023-04-01,1.0564489661962586,56305.605761134284,301066074.004785
2023Q3,10600,50369.87328113207,533920656.78,2023,2023-07-01,1.0564489661962586,53213.200555288524,564059925.8860583
2023Q4,3140,26766.83117515924,84047849.89,2023,2023-10-01,1.0564489661962586,28277.791123346768,88792264.12730883
2024Q1,4562,30446.07043621219,138894973.33,2024,2024-01-01,1.0261396238444374,31241.91926495602,142525635.68672937
2024Q2,5828,45664.10713280714,266130416.37,2024,2024-04-01,1.0261396238444374,46857.74971645081,273086965.3474753
2024Q3,68721,103630.80388105528,7121612473.51,2024,2024-07-01,1.0261396238444374,106339.67411320272,7307768744.733405
2024Q4,22905,54425.62794717311,1246619008.13,2024,2024-10-01,1.0261396238444374,55848.29338920951,1279205160.079844
2025Q1,3945,51006.1914904943,201219425.43,2025,2025-01-01,1.0,51006.1914904943,201219425.43
2025Q2,4063,46012.03619985233,186946903.08,2025,2025-04-01,1.0,46012.03619985233,186946903.08
2025Q3,3221,46477.43014902204,149703802.51,2025,2025-07-01,1.0,46477.43014902204,149703802.51
2025Q4,1885,43168.90090185677,81373378.2,2025,2025-10-01,1.0,43168.90090185677,81373378.2
2026Q1,1083,26984.22572483841,29223916.46,2026,2026-01-01,0.9728014505893019,26250.29392815196,28429068.32418858
2026Q2,995,9762.02087437186,9713210.77,2026,2026-04-01,0.9728014505893019,9496.50806727199,9449025.52693563
